gap_id,agency_or_custodian,record_requested,reason,priority,exact_record,issue_id,status
GAP_0001,Connecticut General Assembly,Enacted text of P.A. 23-79 (HB 6699),The act that added the three twenty-mile rules and created the Ombudsman is the one cannabis act whose enacted text is not held locally. Its sections are recorded from the bill status page and the statutory matrix instead of parsed.,HIGH,Fetch the enacted PDF from the CGA public acts path.,ISSUE_LICENSING,DRAFTED — NOT SENT
GAP_0002,General Law Committee,"Committee agendas and meeting minutes, 2021 to 2026","Needed to establish when a provision was taken up and by whom, and to date the point at which language entered a substitute.",HIGH,Committee agendas; meeting minutes; the vote tally sheets behind each joint favorable report.,ISSUE_LICENSING,DRAFTED — NOT SENT
GAP_0003,Legislative Commissioners’ Office,Amendment drafting requests,The bill status pages give LCO numbers but not who requested each amendment. Authorship of language is therefore unknown for most amendments in this dataset.,HIGHEST,LCO drafting request records where not exempt from disclosure.,ISSUE_LICENSING,DRAFTED — NOT SENT
GAP_0004,Department of Consumer Protection,Backer disclosure schedules,"The eLicense register carries no field linking a backer to the establishment backed, so every cap and affiliate test in the statute is unverifiable from public data.",HIGHEST,The backer disclosure schedules filed with each licence application.,ISSUE_OWNERSHIP,DRAFTED — NOT SENT
GAP_0005,Social Equity Council,Equity joint venture approval packets,"These contain the organizing documents CGS 21a-420u(c) requires, naming each backer’s ownership stake, initial investment and payout terms. Without them the fifty per cent ownership limb cannot be tested for any venture.",HIGHEST,"Approval packets and Council minutes for every venture, including rescinded approvals.",ISSUE_EQUITY,DRAFTED — NOT SENT
GAP_0006,Department of Consumer Protection,Any record construing the repealed twenty-mile rules for the period they were in force,"Former CGS 21a-420u(f), 21a-420j(e) and 21a-420m(f) were repealed effective 1 January 2026. Whether the Department ever treated them as engaged, and how it measured distance, is not in any published record.",HIGH,"Guidance, declaratory rulings under CGS 4-176, enforcement actions and internal memoranda for 1 July 2023 to 31 December 2025, and any savings clause construction.",ISSUE_LICENSING,DRAFTED — NOT SENT
GAP_0007,Department of Consumer Protection,A conversion register,"No published file states which hybrid retailer licence converted from which dispensary facility licence. Every conversion in the ownership package is reconstructed rather than read, and for twenty active hybrid retailers even reconstruction fails.",HIGH,Conversion applications and approvals under CGS 21a-420t.,ISSUE_LICENSING,DRAFTED — NOT SENT
GAP_0008,Department of Consumer Protection,"Lottery AWARDS, as distinct from entries","The published applicant list records entries bought, not awards made. For every company that entered both lotteries the award route is unresolvable.",HIGH,Lottery award records naming the winning applicant for each licence.,ISSUE_LICENSING,DRAFTED — NOT SENT
GAP_0009,Department of Consumer Protection,The Policies and Procedures document history for the adult-use market,Adult-use requirements sit in a policy document rather than adopted regulations. The version history and the authority relied on for each change are not published.,HIGHEST,Every version of the Policies and Procedures with adoption dates and the authority cited.,ISSUE_AGENCY,DRAFTED — NOT SENT
GAP_0010,General Law Committee,Written testimony recorded as NOT RETRIEVED,"67 of the 683 testimony records in this dataset could not be retrieved. They are listed, never omitted.",MEDIUM,The 67 testimony files by URL.,ISSUE_LICENSING,DRAFTED — NOT SENT
GAP_0011,Office of State Ethics,Lobbyist communication records beyond registration,"Registrations establish that a client sought to influence legislation. They do not say what was asked for, of whom, or when.",MEDIUM,"Client issue reports at the bill level, where filed.",ISSUE_OWNERSHIP,DRAFTED — NOT SENT
GAP_0012,Department of Consumer Protection; Social Equity Council,Officials’ calendars and meeting records,"The access log records public events. Who met whom privately, and when, is not published.",MEDIUM,Commissioner’s and Council members’ calendars and meeting records.,ISSUE_OWNERSHIP,DRAFTED — NOT SENT
