issue_id,name,description,policy_category,legal_changes,acts_touching_it,source_id
ISSUE_TESTING,Testing and laboratories,"How cannabis is tested, by whom, against what limits, and what happens when a batch fails.",testing and laboratories,104,June Sp. Sess. P.A. 21-1; P.A. 22-103; P.A. 24-76; P.A. 25-101; P.A. 25-166; P.A. 25-168; P.A. 26-100; P.A. 26-8,SOURCE_0010
ISSUE_MEDICAL,Medical patients and caregivers,"The palliative use program, patient rights, caregivers and dispensary staffing.",medical patients and caregivers,112,June Sp. Sess. P.A. 21-1; P.A. 22-103; P.A. 24-76; P.A. 25-101; P.A. 25-166; P.A. 25-168; P.A. 26-100; P.A. 26-8,SOURCE_0010
ISSUE_LICENSING,Licensing and lotteries,"How a licence is obtained: lotteries, conversions, ventures and the caps around them.",licensing,233,June Sp. Sess. P.A. 21-1; P.A. 22-103; P.A. 24-76; P.A. 25-101; P.A. 25-166; P.A. 25-168; P.A. 26-100; P.A. 26-8,SOURCE_0010
ISSUE_OWNERSHIP,Ownership and control,"Who owns and controls a cannabis establishment, and what the state publishes about it.",ownership and control,145,June Sp. Sess. P.A. 21-1; P.A. 22-103; P.A. 24-76; P.A. 25-101; P.A. 25-166; P.A. 25-168; P.A. 26-100; P.A. 26-8,SOURCE_0010
ISSUE_EQUITY,Social equity,"The social equity applicant definition, the Council, the ventures and the loan fund.",social equity,65,June Sp. Sess. P.A. 21-1; P.A. 22-103; P.A. 24-76; P.A. 25-101; P.A. 25-166; P.A. 25-168; P.A. 26-100; P.A. 26-8,SOURCE_0010
ISSUE_HOMEGROW,Home grow and possession,Personal cultivation and possession limits.,home grow and possession,85,June Sp. Sess. P.A. 21-1; P.A. 22-103; P.A. 24-76; P.A. 25-101; P.A. 25-166; P.A. 25-168; P.A. 26-100; P.A. 26-8,SOURCE_0010
ISSUE_ADVERT,"Advertising, packaging and labelling",What may be said and how products must be packaged and labelled.,advertising and packaging,117,June Sp. Sess. P.A. 21-1; P.A. 22-103; P.A. 24-76; P.A. 25-101; P.A. 25-166; P.A. 25-168; P.A. 26-100; P.A. 26-8,SOURCE_0010
ISSUE_MUNI,Municipal authority,"What a town may allow, restrict or tax.",municipal authority,48,June Sp. Sess. P.A. 21-1; P.A. 22-103; P.A. 24-76; P.A. 25-101; P.A. 25-166; P.A. 25-168; P.A. 26-8,SOURCE_0010
ISSUE_TAX,Taxation and revenue,Cannabis taxes and where the revenue goes.,taxation and revenue,40,June Sp. Sess. P.A. 21-1; P.A. 22-103; P.A. 24-76; P.A. 25-101; P.A. 25-166; P.A. 25-168; P.A. 26-100; P.A. 26-8,SOURCE_0010
ISSUE_ENFORCE,Enforcement and penalties,"Inspections, suspensions, fines and criminal provisions.",enforcement and penalties,218,June Sp. Sess. P.A. 21-1; P.A. 22-103; P.A. 24-76; P.A. 25-101; P.A. 25-166; P.A. 25-168; P.A. 26-100; P.A. 26-8,SOURCE_0010
ISSUE_HEMP,Hemp and infused beverages,The parallel hemp market and the beverages that straddle it.,hemp and infused beverages,56,June Sp. Sess. P.A. 21-1; P.A. 22-103; P.A. 24-76; P.A. 25-101; P.A. 25-166; P.A. 26-100; P.A. 26-8,SOURCE_0010
ISSUE_OMBUDS,The Cannabis Ombudsman,The office created by P.A. 23-79 and what it can actually do.,ombudsman,1,P.A. 26-8,SOURCE_0010
ISSUE_AGENCY,"Agency duties, rulemaking and implementation","What the statute told an agency to do, and whether it was done by regulation or by policy.",agency duties and rulemaking,86,June Sp. Sess. P.A. 21-1; P.A. 22-103; P.A. 24-76; P.A. 25-101; P.A. 25-166; P.A. 25-168; P.A. 26-100; P.A. 26-8,SOURCE_0010
ISSUE_DATA,"Data, reporting and transparency","What the state is required to publish, and what it actually publishes.",data and reporting,33,June Sp. Sess. P.A. 21-1; P.A. 22-103; P.A. 25-166; P.A. 25-168; P.A. 26-100; P.A. 26-8,SOURCE_0010
