public_act_id,public_act,bill_id,bill_number,session_year,title,short_title,signed_date,enacted_text_held,sections_in_cannabis_scope,source_id
PA2021_001,June Sp. Sess. P.A. 21-1,BILL_2021_SB1201,SB1201,2021,AN ACT CONCERNING RESPONSIBLE AND EQUITABLE REGULATION OF ADULT-USE CANNABIS,Responsible and Equitable Regulation of Adult-Use Cannabis Act (RERACA),2021-06-22,yes,140,SOURCE_0001
PA2022_103,P.A. 22-103,BILL_2022_HB5329,HB5329,2022,AN ACT CONCERNING CANNABIS,An Act Concerning Cannabis,2022-05-24,yes,20,SOURCE_0002
PA2023_079,P.A. 23-79,BILL_2023_HB6699,HB6699,2023,AN ACT CONCERNING CANNABIS REGULATION,An Act Concerning Cannabis Regulation,2023-06-26,yes,52,SOURCE_0003
PA2024_076,P.A. 24-76,BILL_2024_HB5150,HB5150,2024,AN ACT CONCERNING CANNABIS AND HEMP REGULATION,An Act Concerning Cannabis and Hemp Regulation,2024-05-30,yes,33,SOURCE_0004
PA2025_101,P.A. 25-101,BILL_2025_HB6855,HB6855,2025,AN ACT CONCERNING THE DEPARTMENT OF CONSUMER PROTECTION'S RECOMMENDATIONS REGARDING DRUG CONTROL AND CANNABIS AND HEMP REGULATION,DCP recommendations on drug control and cannabis and hemp regulation,2025-06-24,yes,20,SOURCE_0008
PA2025_166,P.A. 25-166,BILL_2025_HB7181,HB7181,2025,"AN ACT CONCERNING THE REGULATION OF TOBACCO, CANNABIS, HEMP AND RELATED PRODUCTS, CONDUCT AND ESTABLISHMENTS","Regulation of tobacco, cannabis, hemp and related products",2025-06-30,yes,42,SOURCE_0009
PA2025_168,P.A. 25-168,BILL_2025_HB7287,HB7287,2025,"AN ACT CONCERNING THE STATE BUDGET FOR THE BIENNIUM ENDING JUNE 30, 2027, AND MAKING APPROPRIATIONS THEREFOR, AND PROVISIONS RELATED TO REVENUE AND OTHER ITEMS IMPLEMENTING THE STATE BUDGET","Budget for the biennium ending 30 June 2027, and implementer provisions",2025-06-30,yes,20,SOURCE_0010
PA2026_008,P.A. 26-8,BILL_2026_HB5350,HB5350,2026,"AN ACT CONCERNING CANNABIS, HEMP AND INFUSED BEVERAGE REGULATION","Cannabis, hemp and infused beverage regulation",2026-05-20,yes,111,SOURCE_0011
PA2026_100,P.A. 26-100,BILL_2026_HB5222,HB5222,2026,"AN ACT CONCERNING CONSUMER PROTECTION, CANNABIS, DATA PRIVACY, FIRE INSPECTIONS, CRIMINAL MISCHIEF AND ARTIFICIAL INTELLIGENCE","Consumer protection, cannabis, data privacy and other subjects",2026-06-02,yes,13,SOURCE_0012
PA2012_055,P.A. 12-55,BILL_2012_HB5389,HB5389,2012,AN ACT CONCERNING THE PALLIATIVE USE OF MARIJUANA,,2012-05-31,no,0,SOURCE_0013
PA2016_023,P.A. 16-23,BILL_2016_HB5450,HB5450,2016,AN ACT CONCERNING THE PALLIATIVE USE OF MARIJUANA,,2016-05-17,no,0,SOURCE_0013
PA2023_097,P.A. 23-97,BILL_2023_SB0009,SB0009,2023,AN ACT CONCERNING HEALTH AND WELLNESS FOR CONNECTICUT RESIDENTS,,2023-06-28,no,0,SOURCE_0013
PA2024_115,P.A. 24-115,BILL_2024_HB5235,HB5235,2024,AN ACT CONCERNING THE DEPARTMENT OF CONSUMER PROTECTION'S RECOMMENDATIONS REGARDING CANNABIS REGULATION,DCP recommendations on cannabis regulation,2024-06-04,yes,8,SOURCE_0005
PA2023_098,P.A. 23-98,BILL_2023_SB1058,SB1058,2023,"AN ACT CONCERNING CHARITABLE ORGANIZATIONS, TELECOMMUNICATIONS AND THE ATTORNEY GENERAL'S RECOMMENDATIONS REGARDING CONSUMER PROTECTION",,2023-06-26,no,0,SOURCE_0013
PA2024_142,P.A. 24-142,BILL_2024_HB5236,HB5236,2024,AN ACT CONCERNING RECOMMENDATIONS BY THE DEPARTMENT OF CONSUMER PROTECTION,"DCP recommendations, consumer protection omnibus",2024-06-06,yes,1,SOURCE_0006
PA2025_137,P.A. 25-137,BILL_2025_HB6930,HB6930,2025,"AN ACT CONCERNING THE SOCIAL EQUITY COUNCIL'S RECOMMENDATIONS REGARDING SOCIAL EQUITY PLANS, STRATEGIC PLANNING, ETHICS, LICENSE RENEWAL FEES, FINANCIAL ASSISTANCE APPLICATIONS AND POLICIES AND PROCEDURES",Social Equity Council recommendations on social equity plans and ethics,2025-06-30,yes,3,SOURCE_0007
