policy_id,tracking_number,agency,agency_id,subject,instrument_type,authority,date,status,progress_status,outcome,in_force,source_id,note
REG_0001,PR2026-045,Social Equity Council,ORG_SOCIAL_EQUITY_COUNCIL,Changes to Equity Joint Venture/Ownership and Control,proposed regulation (chapter 54 rulemaking),the enabling section of RERACA for the subject,2026-09-15,Proposed,Prepare For Comment Period,pending,no,SOURCE_0021,
REG_0002,PR2026-043,Social Equity Council,ORG_SOCIAL_EQUITY_COUNCIL,Changes to Equity Joint Venture/Ownership and Control,proposed regulation (chapter 54 rulemaking),the enabling section of RERACA for the subject,2026-09-15,Withdrawn,Agency Withdrawn Permanently,WITHDRAWN,no,SOURCE_0021,Recorded because a withdrawn rulemaking is part of the implementation record: it shows a rule was attempted and abandoned.
REG_0003,PR2026-041,Social Equity Council,ORG_SOCIAL_EQUITY_COUNCIL,Changes to Equity Joint Venture/Ownership and Control,proposed regulation (chapter 54 rulemaking),the enabling section of RERACA for the subject,2026-09-15,Withdrawn,Agency Withdrawn Permanently,WITHDRAWN,no,SOURCE_0021,Recorded because a withdrawn rulemaking is part of the implementation record: it shows a rule was attempted and abandoned.
REG_0004,PR2026-040,Social Equity Council,ORG_SOCIAL_EQUITY_COUNCIL,Social Equity Eligibility/Change in Ownership,proposed regulation (chapter 54 rulemaking),the enabling section of RERACA for the subject,2026-09-15,Proposed,Prepare For Comment Period,pending,no,SOURCE_0021,
REG_0005,PR2025-031,Department of Consumer Protection,ORG_DEPARTMENT_OF_CONSUMER_PROTECTION,Cannabis Dispensary Technician Requirements,proposed regulation (chapter 54 rulemaking),the enabling section of RERACA for the subject,2026-01-30,Proposed,OTG Approved,operational policy route,no,SOURCE_0021,
REG_0006,PR2025-027,Social Equity Council,ORG_SOCIAL_EQUITY_COUNCIL,SEC Change in Ownership,proposed regulation (chapter 54 rulemaking),the enabling section of RERACA for the subject,2026-09-15,Withdrawn,Agency Withdrawn Permanently,WITHDRAWN,no,SOURCE_0021,Recorded because a withdrawn rulemaking is part of the implementation record: it shows a rule was attempted and abandoned.
REG_9001,,Department of Consumer Protection,ORG_DEPARTMENT_OF_CONSUMER_PROTECTION,Adult-use cannabis requirements carried by Policies and Procedures rather than adopted regulations,agency policy and procedure (not a chapter 54 regulation),RERACA provisions authorizing the Commissioner to establish policies and procedures pending regulations,2021-07-28,in effect as the agency’s stated position,never converted into adopted regulations for the adult-use market,"The adult-use testing and operating requirements sit in a policy document, not in the Regulations of Connecticut State Agencies.",agency position,SOURCE_0027,"This is why the October 2026 question matters: a policy is not a regulation, and the difference decides what survives a challenge."
REG_L001,LRT-01,Department of Consumer Protection,ORG_DEPARTMENT_OF_CONSUMER_PROTECTION,medical — Microbial limit / method,RCSA 21a-408-58(e),RCSA 21a-408-58(e),2012 (medical regulations as first adopted; text shown in brackets in PR2017-029),as recorded,baseline,"""For purposes of the microbiological test, a marijuana sample shall be deemed to have passed if it satisfies the standards set forth in Section 1111 of the United States Pharmacopeia""",,SOURCE_0027,DCP Chapter 54 rulemaking (2012) | USP <1111> numbers not reproduced here (paywalled; TIER 3 reproductions only).
REG_L002,LRT-02,Department of Consumer Protection,ORG_DEPARTMENT_OF_CONSUMER_PROTECTION,medical — Failure disposition / retest,RCSA 21a-408-58(e) / 21a-408-60(e) (unchanged in 2018 and 2022),RCSA 21a-408-58(e) / 21a-408-60(e) (unchanged in 2018 and 2022),2012 -> present (medical),as recorded,baseline; no retest or remediation pathway in the regulation text at any date,"""If a sample of marijuana does not pass the microbiological, mycotoxin, heavy metal or pesticide chemical residue test ... the producer shall dispose of the entire batch from which the sample was taken""",,SOURCE_0027,DCP | CGS 21a-408w (from 2024-07-01) permits repeat testing/remediation; which governs medical after 2026-10-01 is L-0170.
REG_L003,LRT-03,Department of Consumer Protection,ORG_DEPARTMENT_OF_CONSUMER_PROTECTION,medical — Sampling; reporting of failures to DCP,RCSA 21a-408-58(b)/(g); 21a-408-60(b)/(g),RCSA 21a-408-58(b)/(g); 21a-408-60(b)/(g),2012 -> present (medical),as recorded,baseline,"""(b) A producer shall make available each such batch at the production facility for a laboratory employee to select a random sample."" ... ""(g) The laboratory shall file with the department an electronic copy of each laboratory test result for any batch that does not pass ... at the same time that it transmits those results to the producer.""",,SOURCE_0027,"DCP | AltaSci COAs 2017-2023 print ""Sample(s) tested were collected at the Customer's production facility from lot(s) as designated by the Customer"" (5,323 of 5,507 AltaSci PDFs). Failure filings under (g) are not public: queued request L37-OR-01."
REG_L004,LRT-04,Department of Consumer Protection,ORG_DEPARTMENT_OF_CONSUMER_PROTECTION,medical — Heavy metals,RCSA 21a-408-58(e)(3) / 21a-408-60(e)(3),RCSA 21a-408-58(e)(3) / 21a-408-60(e)(3),2012 -> present (medical),as recorded,"baseline (unchanged 2018, 2022)","""a marijuana sample shall be deemed to have passed if it meets the following standards: Metal Natural Health Products Acceptable limits uG/KG BW/Day Arsenic <0.14 Cadmium <0.09 Lead <0.29 Mercury <0.29""",,SOURCE_0027,"DCP | Limits are daily-intake figures (per kg body weight per day), not concentrations; a lab must assume an intake to apply them. AltaSci printed As <4.206, Cd <2.704, Hg/Pb <8.712 ug/g = exactly 30.04 x the regulation figures (STRONG INFERENCE: 60 kg body weight / ~2 g per day); its 2022-23 template printed the raw figures as ""< 0.14 ug/Kg"" etc. No DCP instruction on the conversion was found."
REG_L005,LRT-05,Department of Consumer Protection,ORG_DEPARTMENT_OF_CONSUMER_PROTECTION,medical — Mycotoxins; pesticides,"RCSA 21a-408-58(e)(2),(4) / 21a-408-60(e)(2),(4)","RCSA 21a-408-58(e)(2),(4) / 21a-408-60(e)(2),(4)",2012 -> present (medical),as recorded,mycotoxin method (LC-MS or ELISA) added 2022,"""less than 20 micrograms per kilogram of each of ... aflatoxin B1, aflatoxin B2, aflatoxin G1, aflatoxin G2, and ochratoxin A"" (2022 wording); pesticides: ""the most stringent acceptable standard for a pesticide chemical residue in any food item as set forth in ... 40 CFR 180""",,SOURCE_0027,DCP | 
REG_L006,LRT-06,Department of Consumer Protection,ORG_DEPARTMENT_OF_CONSUMER_PROTECTION,medical — Microbial limit,RCSA 21a-408-60 as amended (PR2017-029),RCSA 21a-408-60 as amended (PR2017-029),2018-08-28,as recorded,raw product moved from USP <1111> to USP <2023>,"""a marijuana sample shall be deemed to have passed if it satisfies the standards set forth in Section 2023 of the United States Pharmacopeia for all raw products and Section 1111 of the United States Pharmacopeia for all dosage forms other than rawproduct""",,SOURCE_0027,DCP Chapter 54 rulemaking PR2017-029 | USP <2023> TYMC 10^3 for dried botanicals is from reproductions (TIER 3); DCP (2022-03-16) called 10^3 a misstatement.
REG_L007,LRT-07,Department of Consumer Protection,ORG_DEPARTMENT_OF_CONSUMER_PROTECTION,medical — AltaSci yeast/mould criterion,Reported private email approval (no published instrument),Reported private email approval (no published instrument),2020-08 (approx.),as recorded,lab-specific criterion outside any published instrument,"NOT HELD. Reported: DCP approved by email in August 2020 AltaSci's request to raise its yeast/mould passing level from 10,000 to 1,000,000 CFU/g, paired with Aspergillus testing.",,SOURCE_0027,AltaSci request; DCP Drug Control approval (reported) | Certificates: 10^6 TYMC printed 2020-08-31..2020-12-09 (no Aspergillus test printed on any of 83 window-A certificates) and 2021-07-20..2022-01-21 (all 114 print it). Emails queued L5 OR-01.
REG_L008,LRT-08,Department of Consumer Protection,ORG_DEPARTMENT_OF_CONSUMER_PROTECTION,adult use — Microbial limit; Aspergillus,"Adult-use Policies & Procedures PR2021-036 ed.1, s.21a-XXX-(f)(1)","Adult-use Policies & Procedures PR2021-036 ed.1, s.21a-XXX-(f)(1)",2021-10-16,as recorded,first adult-use standard; Aspergillus non-detect for inhaled products,"""shall be deemed satisfactory if it satisfies the standards set forth in Section 2023 of the United States Pharmacopeia for all raw products ... Additionally, if the cannabis is intended for inhalation, the sample shall be deemed satisfactory only upon an absence of the pathogenic Aspergillus species A. fumigatus, A. flavus, A. niger, and A. terreus.""",,SOURCE_0027,DCP operational policy (CGS 21a-421j) | 
REG_L009,LRT-09,Department of Consumer Protection,ORG_DEPARTMENT_OF_CONSUMER_PROTECTION,adult use — Heavy metals,PR2021-036 ed.1 heavy metals,PR2021-036 ed.1 heavy metals,2021-10-16,as recorded,adult use uses concentration limits (ug/g); medical kept BW/day figures,"""based on consumption levels of up to 10 grams per day: ... Cadmium <=0.2 / <=0.5; Arsenic <=0.2 / <=1.5; Lead <=0.5 / <=0.5; Mercury <=0.1 / <=3.0"" (inhalation / not inhalation, ug/g)",,SOURCE_0027,DCP | 
REG_L010,LRT-10,Department of Consumer Protection,ORG_DEPARTMENT_OF_CONSUMER_PROTECTION,adult use — Retest / remediation after failure,PR2021-036 ed.1 (h) and successors to PR2023-029 (h),PR2021-036 ed.1 (h) and successors to PR2023-029 (h),2021-10-16 -> 2024-09-14,as recorded,two-laboratory confirmation required for any retest or remediation route,"""(1) Retest and reanalyze the cannabis by having an employee from the same laboratory select another random sample from the same batch. If the sample yields satisfactory results ..., an employee from a different laboratory shall select a different random sample from the same batch for testing. If both samples yield satisfactory results ... the cannabis batch shall be permitted for sale ...; or (2) Remediate the cannabis batch, if a remediation plan ... is ... approved by the commissioner, ... If the sample yields satisfactory results ..., an employee from a different laboratory shall select a ",,SOURCE_0027,"DCP | From 2023-Q3 through 2024-Q3 Northeast Laboratories issued 100% of registry-linked certificates (T1); a ""different laboratory"" did not operate in the registry record (AltaSci last registration 2023-Q2; ACTL.0000005 issued 2024-09-13 per L20). Whether DCP waived the requirement (P&P (l)/(n) waiver power) is not established: queued L37-OR-03."
REG_L011,LRT-11,Department of Consumer Protection,ORG_DEPARTMENT_OF_CONSUMER_PROTECTION,adult use — Microbial limit,PR2021-036 ed.2,PR2021-036 ed.2,2022-01-26,as recorded,USP <2023> -> 10^5,Numeric standard 10^5 TAMC / 10^5 TYMC with named non-detects (text held: runs/S4-ALTASCI-20260921 docs; LIMITS_IN_FORCE.csv),,SOURCE_0027,DCP | Magnitude caveat C-217/C-373: write as yeast-and-mould figure; aerobic count unchanged.
REG_L012,LRT-12,Department of Consumer Protection,ORG_DEPARTMENT_OF_CONSUMER_PROTECTION,medical — Microbial limit; method; pathogens; Aspergillus,RCSA 21a-408-60 as amended (PR2021-042; SOTS file 6361),RCSA 21a-408-60 as amended (PR2021-042; SOTS file 6361),2022-06-13,as recorded,USP <2023> -> 10^5; qPCR; named pathogen and Aspergillus non-detects; 180-day qPCR grace,"""tested using a molecular method that is certified for identifying microbiological DNA and approved by the Association of Official Analytical Collaboration (AOAC) International and includes quantitative polymerase chain reaction (qPCR) ... deemed satisfactory if (A) E. coli, shiga toxin producing E. coli, L. monocytogenes, and salmonella spp. are not detected, (B) the total aerobic microbial count and total combined yeast and mold count are each equal to or less than 105 cfu/g or ml, and (C) the pathogenic Aspergillus species A. fumigatus, A. flavus, A. niger, and A. terreus are not detected.""",,SOURCE_0027,DCP Chapter 54 (notice 2021-12-29; AG 2022-03-29; LRRC 2022-05-24) | Culture (CFU) and qPCR results are not interchangeable (A-112).
REG_L013,LRT-13,Department of Consumer Protection,ORG_DEPARTMENT_OF_CONSUMER_PROTECTION,adult use — Method,PR2022-024 (3rd ed.),PR2022-024 (3rd ed.),2022-08-05,as recorded,adult use on plating while medical on qPCR (L-0112),"""tested using a validated plating method approved by the Association of Official Analytical Collaboration ...""",,SOURCE_0027,DCP | 
REG_L014,LRT-14,Department of Consumer Protection,ORG_DEPARTMENT_OF_CONSUMER_PROTECTION,adult use — Method; COA validity,PR2023-024,PR2023-024,2023-07-01,as recorded,plating -> qPCR for adult use; COA validity 1 year -> 30 days,"""Collaboration (AOAC) International, which includes quantitative polymerase chain reaction (qPCR)""; results ""valid for a period of [one year] thirty days""",,SOURCE_0027,DCP | 
REG_L015,LRT-15,Department of Consumer Protection,ORG_DEPARTMENT_OF_CONSUMER_PROTECTION,adult use + medical products — Remediation disclosure,"DCP notice ""Labeling Requirement for Processing Techniques and Solvents""","DCP notice ""Labeling Requirement for Processing Techniques and Solvents""",2024-01-05,as recorded,clarifies that remediation is a processing technique to be disclosed,"""Processing techniques include any pre-treatment performed proactively as part of a standard process or reactively as a means of remediating the product after a failed test. These should be brand-specific and clearly listed for the consumer.""",,SOURCE_0027,DCP Drug Control Division | 
REG_L016,LRT-16,Department of Consumer Protection,ORG_DEPARTMENT_OF_CONSUMER_PROTECTION,medical + adult use — Aspergillus; qPCR; retest; remediation,CGS 21a-408w (P.A. 24-76 s.3),CGS 21a-408w (P.A. 24-76 s.3),2024-07-01,as recorded,statutory retest/remediation path with no second-laboratory confirmation,"""(1) Repeat testing ... in a form and manner approved by the Department of Consumer Protection. If all repeated testing yields satisfactory results, the marijuana batch ... shall be released for sale; (2) If such cannabis establishment submits ... a remediation plan ... and the commissioner approves ..., remediate ... and repeat all testing""",,SOURCE_0027,General Law Committee substitute 2024-03-12 (C-242) | 
REG_L017,LRT-17,Department of Consumer Protection,ORG_DEPARTMENT_OF_CONSUMER_PROTECTION,adult use + medical — Retest; sampling; Aspergillus viability; chromium; point-of-sale notice,PR2024-029 (7th ed.) 21a-421j-29,PR2024-029 (7th ed.) 21a-421j-29,2024-09-15,as recorded,two-laboratory confirmation deleted (bracketed); final-package testing; chromium added,"""the cannabis establishment shall comply with the retesting, remediation, and disposal provisions set forth in section 3 of public act 24-76 ... which retesting shall be evidenced by a certificate of analysis. [may: (1) Retest and reanalyze the cannabis by having an employee from the same cannabis testing laboratory select ...]""; Aspergillus ""not detected as viable ... confirmed using a validated plating method""; Chromium <=0.6 / <=2.0 ug/g",,SOURCE_0027,"DCP (conforming to P.A. 24-76) | Posted 2024-08-27, before ACTL.0000005 issued 2024-09-13 (per L20). Innocent explanation: conformity with CGS 21a-408w(d). The statute let DCP set ""form and manner"", so keeping a second-lab check remained open to DCP."
REG_L018,LRT-18,Department of Consumer Protection,ORG_DEPARTMENT_OF_CONSUMER_PROTECTION,adult use + medical retail — Remediation disclosure (signage),PR2024-029 s.21a-421j (n) point-of-sale notice,PR2024-029 s.21a-421j (n) point-of-sale notice,2024-09-15,as recorded,new,"""May have undergone decontamination and/or remediation processes to improve product quality or meet testing standards, which processes for cannabis have not been thoroughly studied for potential health impacts.""",,SOURCE_0027,DCP implementing P.A. 24-76 | 
REG_L019,LRT-19,Department of Consumer Protection,ORG_DEPARTMENT_OF_CONSUMER_PROTECTION,adult use + medical — Label: testing date/result; remediation statement,"PR2024-040 (8th ed.) 21a-421j-32(g)(6),(9)","PR2024-040 (8th ed.) 21a-421j-32(g)(6),(9)",2024-11-12,as recorded,"(9) statement new; (6) wording ""satisfactory or failing result"" dates from PR2021-036","""(6) A statement that the cannabis has been tested for microbiological contaminants, mycotoxins, heavy metals, pesticide residue, and residual solvents, as well as the date and the satisfactory or failing result of such testing; ... (9) ... This cannabis or cannabis product may have undergone one or more forms of decontamination or remediation.""",,SOURCE_0027,"DCP | May be on extended label, insert or static QR code."
REG_L020,LRT-20,Department of Consumer Protection,ORG_DEPARTMENT_OF_CONSUMER_PROTECTION,adult use + medical — Preliminary testing,PR2024-040 21a-421j-29(d),PR2024-040 21a-421j-29(d),2024-11-12,as recorded,lab preliminary results go to CATS; establishment preliminary results kept by the establishment only,"""A cannabis establishment may conduct preliminary testing on cannabis, prior to submitting cannabis for [receiving a] certificate of analysis testing, provided that the results of any such testing shall be maintained and produced in accordance with section 21a-421j-6""",,SOURCE_0027,DCP | Pre-screening before the certificate test is permitted; its results are not public.
REG_L021,LRT-21,Department of Consumer Protection,ORG_DEPARTMENT_OF_CONSUMER_PROTECTION,adult use + medical — Disclosure of original failure; COA uploads,"DCP notice ""Branding & Labeling Retested Products""","DCP notice ""Branding & Labeling Retested Products""",2024-12-11,as recorded,interprets 32(g)(6) to require disclosure of the original failure,"""In the event that a product submitted for final COA testing fails and is later successfully remediated and/or retested, the original failure, including the date of the test, must be disclosed on the extended label."" ... ""Upon branding, please upload all associated COAs as a single pdf, including initial failed results.""",,SOURCE_0027,DCP Drug Control Division | 
REG_L022,LRT-22,Department of Consumer Protection,ORG_DEPARTMENT_OF_CONSUMER_PROTECTION,adult use + medical — Batch size; random sampling,PR2024-040 21a-421j-29(e)-(g),PR2024-040 21a-421j-29(e)-(g),2025-01-01,as recorded,lab-selected sampling from the packaged batch,"""A cannabis establishment shall make the entire cannabis batch in final packaging available for random sample selection by the cannabis testing laboratory employee""; raw batches <= 40 lb; samples >= 0.4% of batch and >= 20 g",,SOURCE_0027,DCP | 
REG_L023,LRT-23,Department of Consumer Protection,ORG_DEPARTMENT_OF_CONSUMER_PROTECTION,retail — Mold and remediation signage,P.A. 25-166 s.30 (as implemented by DCP notice 2025-09-26),P.A. 25-166 s.30 (as implemented by DCP notice 2025-09-26),2025-10-01,as recorded,new statutory signage,"""Cannabis establishments may use processing techniques to reduce, remove or otherwise remediate mold and other harmful contaminants. The use of remediation techniques may have possible health risks. For a list of processing and remediation techniques used on a particular product, review the product's extended content label.""",,SOURCE_0027,General Assembly | 
REG_L024,LRT-24,Department of Consumer Protection,ORG_DEPARTMENT_OF_CONSUMER_PROTECTION,"medical + adult use — Analytes, Aspergillus, qPCR removed from statute; 60-day clock; deemed-approved remediation plans",P.A. 26-8 s.44 (repeals and substitutes CGS 21a-408w),P.A. 26-8 s.44 (repeals and substitutes CGS 21a-408w),2026-10-01,as recorded,statutory floor removed; standards now in DCP policy/regulation,"""(a)(1) Each cannabis establishment shall submit ... cannabis samples ... in accordance with the laboratory testing standards established in the regulations adopted ... pursuant to section 21a-421j"" ... ""(3) If the cannabis samples ... fail ... not later than sixty days after the date of such failed laboratory testing: (A) Repeat the laboratory testing ...; (B) Submit ... a remediation plan ...; or (C) Dispose of the entire cannabis batch""",,SOURCE_0027,DCP agency bill SB 231 / HB 5350 (L-0179) | DCP policy PR2024-040 still requires Aspergillus/qPCR (C-186); L-0550 on missing 21a-421j regulations.
REG_L025,LRT-25,Department of Consumer Protection,ORG_DEPARTMENT_OF_CONSUMER_PROTECTION,medical + adult use — Remediation by ionizing radiation,P.A. 26-8 s.79 / P.A. 26-100 s.54 (CGS 21a-421j(b)(8)),P.A. 26-8 s.79 / P.A. 26-100 s.54 (CGS 21a-421j(b)(8)),2026-10-01,as recorded,new,"""remediation of cannabis flower or other cannabis plant material by way of one or more exposures to ionizing radiation for any cannabis flower or other cannabis plant material that fails any laboratory testing due to microbial contamination""",,SOURCE_0027,General Assembly | 
REG_L026,LRT-26,Department of Consumer Protection,ORG_DEPARTMENT_OF_CONSUMER_PROTECTION,adult use + medical — Policy sunset,CGS 21a-421j/421k as amended (P.A. 26-8 s.58),CGS 21a-421j/421k as amended (P.A. 26-8 s.58),2028-07-01,as recorded,,Policies lose force on the earlier of final regulations or 1 July 2028 (C-180).,,SOURCE_0027,General Assembly | 
