statute_id,section,chapter,topic,n_versions_in_this_dataset,first_effective_in_dataset,latest_effective_in_dataset,acts_touching_it,repeal_note,source_id
STAT_1_1,1-1,other,advertising and packaging; enforcement and penalties; municipal authority,2,2021-07-01,2026-10-01,June Sp. Sess. P.A. 21-1; P.A. 26-8,,SOURCE_0010
STAT_12_330LL,12-330ll,other,advertising and packaging; enforcement and penalties; hemp and infused beverages; home grow and possession; licensing; medical patients and caregivers; municipal authority; ownership and control; social equity; taxation and revenue; testing and laboratories; uncategorized,8,2022-05-24,2026-10-01,P.A. 22-103; P.A. 24-76; P.A. 25-101; P.A. 25-166; P.A. 25-168; P.A. 26-8,,SOURCE_0010
STAT_12_330MM,12-330mm,other,advertising and packaging; enforcement and penalties; medical patients and caregivers; municipal authority; social equity; taxation and revenue,1,2025-07-01,2025-07-01,P.A. 25-168,,SOURCE_0010
STAT_12_330NN,12-330nn,other,advertising and packaging; enforcement and penalties; hemp and infused beverages; home grow and possession; licensing; medical patients and caregivers; municipal authority; ownership and control; social equity; taxation and revenue; testing and laboratories; uncategorized,6,2022-05-24,2026-10-01,P.A. 22-103; P.A. 24-76; P.A. 25-101; P.A. 25-166; P.A. 25-168; P.A. 26-8,,SOURCE_0010
STAT_14_227P,14-227p,other,advertising and packaging; enforcement and penalties; hemp and infused beverages; home grow and possession; licensing; medical patients and caregivers; ownership and control; social equity; testing and laboratories; uncategorized,5,2022-05-24,2026-10-01,P.A. 22-103; P.A. 24-76; P.A. 25-101; P.A. 25-166; P.A. 26-8,,SOURCE_0010
STAT_19A_342,19a-342,other,advertising and packaging; enforcement and penalties; hemp and infused beverages; licensing; medical patients and caregivers; municipal authority; ownership and control; social equity; testing and laboratories; uncategorized,7,2021-06-22,2026-10-01,June Sp. Sess. P.A. 21-1; P.A. 22-103; P.A. 25-101; P.A. 25-166; P.A. 26-8,,SOURCE_0010
STAT_19A_342A,19a-342a,other,advertising and packaging; enforcement and penalties; hemp and infused beverages; home grow and possession; licensing; medical patients and caregivers; municipal authority; ownership and control; social equity; testing and laboratories; uncategorized,9,2021-06-22,2026-10-01,June Sp. Sess. P.A. 21-1; P.A. 25-101; P.A. 25-166; P.A. 26-8,,SOURCE_0010
STAT_21A_240,21a-240,420b (controlled substances),advertising and packaging; agency duties and rulemaking; enforcement and penalties; hemp and infused beverages; home grow and possession; licensing; medical patients and caregivers; municipal authority; ombudsman; ownership and control; taxation and revenue; testing and laboratories; uncategorized,43,2021-07-01,2027-01-01,June Sp. Sess. P.A. 21-1; P.A. 24-76; P.A. 25-166; P.A. 26-100; P.A. 26-8,,SOURCE_0010
STAT_21A_278B,21a-278b,420b (controlled substances),advertising and packaging; enforcement and penalties; hemp and infused beverages; home grow and possession; licensing; medical patients and caregivers; ownership and control; social equity; testing and laboratories; uncategorized,4,2022-05-24,2025-07-01,P.A. 22-103; P.A. 24-76; P.A. 25-101; P.A. 25-166,,SOURCE_0010
STAT_21A_278C,21a-278c,420b (controlled substances),advertising and packaging; enforcement and penalties; hemp and infused beverages; home grow and possession; licensing; medical patients and caregivers; ownership and control; social equity; testing and laboratories; uncategorized,5,2022-05-24,2026-10-01,P.A. 22-103; P.A. 24-76; P.A. 25-101; P.A. 25-166; P.A. 26-8,,SOURCE_0010
STAT_21A_279C,21a-279c,420b (controlled substances),advertising and packaging; enforcement and penalties; hemp and infused beverages; home grow and possession; licensing; medical patients and caregivers; ownership and control; social equity; testing and laboratories; uncategorized,5,2022-05-24,2026-10-01,P.A. 22-103; P.A. 24-76; P.A. 25-101; P.A. 25-166; P.A. 26-8,,SOURCE_0010
STAT_21A_279D,21a-279d,420b (controlled substances),advertising and packaging; enforcement and penalties; hemp and infused beverages; home grow and possession; licensing; medical patients and caregivers; ownership and control; social equity; testing and laboratories; uncategorized,5,2022-05-24,2026-10-01,P.A. 22-103; P.A. 24-76; P.A. 25-101; P.A. 25-166; P.A. 26-8,,SOURCE_0010
STAT_21A_408,21a-408,420f (palliative use),advertising and packaging; agency duties and rulemaking; enforcement and penalties; hemp and infused beverages; home grow and possession; licensing; medical patients and caregivers; municipal authority; ombudsman; ownership and control; social equity; testing and laboratories,27,2021-06-22,2026-10-01,June Sp. Sess. P.A. 21-1; P.A. 22-103; P.A. 24-76; P.A. 25-166; P.A. 26-8,,SOURCE_0010
STAT_21A_408A,21a-408a,420f (palliative use),agency duties and rulemaking; enforcement and penalties; home grow and possession; licensing; medical patients and caregivers; municipal authority; ownership and control; testing and laboratories,15,2021-07-01,2026-10-01,June Sp. Sess. P.A. 21-1; P.A. 22-103; P.A. 24-76; P.A. 26-8,,SOURCE_0010
STAT_21A_408B,21a-408b,420f (palliative use),enforcement and penalties; home grow and possession; licensing; medical patients and caregivers; ownership and control,2,2021-07-01,2026-10-01,June Sp. Sess. P.A. 21-1; P.A. 26-8,,SOURCE_0010
STAT_21A_408C,21a-408c,420f (palliative use),enforcement and penalties; home grow and possession; licensing; medical patients and caregivers; municipal authority,4,2021-07-01,2026-10-01,June Sp. Sess. P.A. 21-1; P.A. 22-103; P.A. 25-101; P.A. 26-8,,SOURCE_0010
STAT_21A_408D,21a-408d,420f (palliative use),advertising and packaging; agency duties and rulemaking; enforcement and penalties; home grow and possession; licensing; medical patients and caregivers; ownership and control; social equity; testing and laboratories,16,2021-07-01,2026-10-01,June Sp. Sess. P.A. 21-1; P.A. 22-103; P.A. 26-8,,SOURCE_0010
STAT_21A_408E,21a-408e,420f (palliative use),medical patients and caregivers,2,2021-07-01,2026-10-01,June Sp. Sess. P.A. 21-1; P.A. 26-8,,SOURCE_0010
STAT_21A_408F,21a-408f,420f (palliative use),advertising and packaging; enforcement and penalties; hemp and infused beverages; licensing; medical patients and caregivers; ownership and control; social equity,3,2021-06-22,2026-10-01,June Sp. Sess. P.A. 21-1; P.A. 26-8,,SOURCE_0010
STAT_21A_408G,21a-408g,420f (palliative use),agency duties and rulemaking; enforcement and penalties; licensing; medical patients and caregivers,2,2026-10-01,2026-10-01,P.A. 26-8,,SOURCE_0010
STAT_21A_408H,21a-408h,420f (palliative use),advertising and packaging; agency duties and rulemaking; data and reporting; enforcement and penalties; hemp and infused beverages; home grow and possession; licensing; medical patients and caregivers; ownership and control; social equity,4,2021-06-22,2026-10-01,June Sp. Sess. P.A. 21-1; P.A. 26-8,,SOURCE_0010
STAT_21A_408I,21a-408i,420f (palliative use),advertising and packaging; agency duties and rulemaking; enforcement and penalties; licensing; medical patients and caregivers; municipal authority; ownership and control; social equity,3,2021-07-01,2026-10-01,June Sp. Sess. P.A. 21-1; P.A. 26-8,,SOURCE_0010
STAT_21A_408J,21a-408j,420f (palliative use),advertising and packaging; enforcement and penalties; home grow and possession; licensing; medical patients and caregivers; testing and laboratories,2,2021-10-01,2026-10-01,June Sp. Sess. P.A. 21-1; P.A. 26-8,,SOURCE_0010
STAT_21A_408K,21a-408k,420f (palliative use),enforcement and penalties; licensing; testing and laboratories,2,2021-07-01,2026-10-01,June Sp. Sess. P.A. 21-1; P.A. 26-8,,SOURCE_0010
STAT_21A_408L,21a-408l,420f (palliative use),agency duties and rulemaking; enforcement and penalties; licensing; medical patients and caregivers; social equity,7,2021-10-01,2026-10-01,June Sp. Sess. P.A. 21-1; P.A. 22-103; P.A. 26-8,,SOURCE_0010
STAT_21A_408M,21a-408m,420f (palliative use),agency duties and rulemaking; enforcement and penalties; home grow and possession; licensing; medical patients and caregivers; ownership and control,14,2021-07-01,2026-10-01,June Sp. Sess. P.A. 21-1; P.A. 22-103; P.A. 26-8,,SOURCE_0010
STAT_21A_408N,21a-408n,420f (palliative use),advertising and packaging; enforcement and penalties; home grow and possession; licensing; medical patients and caregivers; ownership and control; testing and laboratories; uncategorized,9,2021-07-01,2022-07-01,June Sp. Sess. P.A. 21-1; P.A. 22-103,,SOURCE_0010
STAT_21A_408O,21a-408o,420f (palliative use),enforcement and penalties; home grow and possession; licensing; medical patients and caregivers; municipal authority; ownership and control; testing and laboratories,6,2021-07-01,2026-10-01,June Sp. Sess. P.A. 21-1; P.A. 22-103; P.A. 24-76; P.A. 26-8,,SOURCE_0010
STAT_21A_408P,21a-408p,420f (palliative use),advertising and packaging; agency duties and rulemaking; enforcement and penalties; hemp and infused beverages; home grow and possession; licensing; medical patients and caregivers; ownership and control; social equity; testing and laboratories,4,2021-06-22,2026-10-01,June Sp. Sess. P.A. 21-1; P.A. 26-8,,SOURCE_0010
STAT_21A_408R,21a-408r,420f (palliative use),advertising and packaging; agency duties and rulemaking; enforcement and penalties; hemp and infused beverages; home grow and possession; licensing; medical patients and caregivers; municipal authority; ownership and control; social equity; testing and laboratories,8,2021-06-22,2026-10-01,June Sp. Sess. P.A. 21-1; P.A. 22-103; P.A. 24-76; P.A. 26-8,,SOURCE_0010
STAT_21A_408S,21a-408s,420f (palliative use),enforcement and penalties; home grow and possession; licensing; medical patients and caregivers; ownership and control; testing and laboratories,2,2021-07-01,2026-10-01,June Sp. Sess. P.A. 21-1; P.A. 26-8,,SOURCE_0010
STAT_21A_408T,21a-408t,420f (palliative use),advertising and packaging; agency duties and rulemaking; enforcement and penalties; licensing,1,2021-07-01,2021-07-01,June Sp. Sess. P.A. 21-1,,SOURCE_0010
STAT_21A_408U,21a-408u,420f (palliative use),enforcement and penalties; home grow and possession; licensing; testing and laboratories,2,2021-07-01,2026-10-01,June Sp. Sess. P.A. 21-1; P.A. 26-8,,SOURCE_0010
STAT_21A_408V,21a-408v,420f (palliative use),advertising and packaging; enforcement and penalties; hemp and infused beverages; home grow and possession; licensing; medical patients and caregivers; municipal authority; ownership and control; social equity; testing and laboratories,7,2021-06-22,2026-10-01,June Sp. Sess. P.A. 21-1; P.A. 22-103; P.A. 24-76; P.A. 26-8,,SOURCE_0010
STAT_21A_408W,21a-408w,420f (palliative use),advertising and packaging; enforcement and penalties; hemp and infused beverages; home grow and possession; licensing; medical patients and caregivers; municipal authority; ownership and control; testing and laboratories,3,2026-10-01,2026-10-01,P.A. 26-8,,SOURCE_0010
STAT_21A_409,21a-409,420f (palliative use),advertising and packaging; enforcement and penalties; hemp and infused beverages; licensing; testing and laboratories,3,2024-07-01,2026-10-01,P.A. 24-76; P.A. 26-8,,SOURCE_0010
STAT_21A_410,21a-410,other,licensing; ownership and control,1,2026-10-01,2026-10-01,P.A. 26-8,,SOURCE_0010
STAT_21A_415,21a-415,other,advertising and packaging; data and reporting; enforcement and penalties; home grow and possession; licensing; medical patients and caregivers; municipal authority; ownership and control; taxation and revenue,8,2021-10-01,2027-01-01,June Sp. Sess. P.A. 21-1; P.A. 25-166; P.A. 25-168; P.A. 26-100; P.A. 26-8,,SOURCE_0010
STAT_21A_418,21a-418,other,advertising and packaging; enforcement and penalties; licensing; taxation and revenue; uncategorized,2,2025-07-01,2025-10-01,P.A. 25-166; P.A. 25-168,,SOURCE_0010
STAT_21A_420,21a-420,"420h (adult-use, RERACA)",advertising and packaging; agency duties and rulemaking; enforcement and penalties; hemp and infused beverages; home grow and possession; licensing; medical patients and caregivers; municipal authority; ownership and control; social equity; taxation and revenue; testing and laboratories; uncategorized,46,2022-05-24,2026-10-01,P.A. 22-103; P.A. 24-76; P.A. 25-101; P.A. 25-166; P.A. 25-168; P.A. 26-8,,SOURCE_0010
STAT_21A_420A,21a-420a,"420h (adult-use, RERACA)",advertising and packaging; enforcement and penalties; hemp and infused beverages; home grow and possession; licensing; medical patients and caregivers; ownership and control; social equity; testing and laboratories; uncategorized,5,2022-05-24,2026-10-01,P.A. 22-103; P.A. 24-76; P.A. 25-101; P.A. 25-166; P.A. 26-8,,SOURCE_0010
STAT_21A_420AA,21a-420aa,"420h (adult-use, RERACA)",licensing; ownership and control; social equity,3,2025-06-30,2026-10-01,P.A. 25-166; P.A. 25-168; P.A. 26-8,,SOURCE_0010
STAT_21A_420BB,21a-420bb,"420h (adult-use, RERACA)",enforcement and penalties; licensing; ownership and control; social equity,1,2026-05-20,2026-05-20,P.A. 26-8,,SOURCE_0010
STAT_21A_420C,21a-420c,"420h (adult-use, RERACA)",advertising and packaging; agency duties and rulemaking; enforcement and penalties; home grow and possession; licensing; medical patients and caregivers; municipal authority; ownership and control; testing and laboratories; uncategorized,9,2024-07-01,2026-10-01,P.A. 24-76; P.A. 25-166; P.A. 26-8,,SOURCE_0010
STAT_21A_420CC,21a-420cc,"420h (adult-use, RERACA)",enforcement and penalties; hemp and infused beverages; licensing; ownership and control; social equity,1,2026-05-20,2026-05-20,P.A. 26-8,,SOURCE_0010
STAT_21A_420D,21a-420d,"420h (adult-use, RERACA)",advertising and packaging; agency duties and rulemaking; data and reporting; enforcement and penalties; licensing; medical patients and caregivers; municipal authority; ownership and control; social equity; taxation and revenue; testing and laboratories,17,2022-05-24,2026-10-01,P.A. 22-103; P.A. 24-76; P.A. 25-166; P.A. 25-168; P.A. 26-100; P.A. 26-8,,SOURCE_0010
STAT_21A_420E,21a-420e,"420h (adult-use, RERACA)",advertising and packaging; agency duties and rulemaking; enforcement and penalties; licensing; ownership and control; social equity; taxation and revenue,8,2022-05-24,2026-01-01,P.A. 22-103; P.A. 24-76; P.A. 25-101; P.A. 25-166; P.A. 25-168,,SOURCE_0010
STAT_21A_420F,21a-420f,"420h (adult-use, RERACA)",agency duties and rulemaking; enforcement and penalties; licensing; municipal authority; ownership and control; social equity; taxation and revenue,7,2024-07-01,2025-07-01,P.A. 24-76; P.A. 25-166; P.A. 25-168,,SOURCE_0010
STAT_21A_420G,21a-420g,"420h (adult-use, RERACA)",enforcement and penalties; licensing; medical patients and caregivers; municipal authority; ownership and control; social equity,9,2024-07-01,2026-10-01,P.A. 24-76; P.A. 25-101; P.A. 25-166; P.A. 26-100; P.A. 26-8,,SOURCE_0010
STAT_21A_420H,21a-420h,"420h (adult-use, RERACA)",agency duties and rulemaking; enforcement and penalties; licensing; ownership and control; social equity,5,2025-06-30,2026-10-01,P.A. 25-166; P.A. 25-168; P.A. 26-8,,SOURCE_0010
STAT_21A_420I,21a-420i,"420h (adult-use, RERACA)",advertising and packaging; enforcement and penalties; hemp and infused beverages; licensing; medical patients and caregivers; ownership and control; social equity,1,2022-05-24,2022-05-24,P.A. 22-103,,SOURCE_0010
STAT_21A_420J,21a-420j,"420h (adult-use, RERACA)",advertising and packaging; enforcement and penalties; hemp and infused beverages; home grow and possession; licensing; medical patients and caregivers; municipal authority; ownership and control; social equity; testing and laboratories; uncategorized,8,2024-07-01,2026-10-01,P.A. 24-76; P.A. 25-101; P.A. 25-166; P.A. 26-8,"Subsection (e), the cultivator twenty-mile rule, was REPEALED by P.A. 25-101 s.15 effective 1 January 2026.",SOURCE_0010
STAT_21A_420L,21a-420l,"420h (adult-use, RERACA)",advertising and packaging; enforcement and penalties; hemp and infused beverages; home grow and possession; licensing; medical patients and caregivers; ownership and control; social equity; testing and laboratories,7,2022-05-24,2026-10-01,P.A. 22-103; P.A. 24-76; P.A. 25-101; P.A. 25-166; P.A. 26-8,,SOURCE_0010
STAT_21A_420M,21a-420m,"420h (adult-use, RERACA)",licensing; municipal authority; ownership and control; social equity,8,2022-05-24,2026-10-01,P.A. 22-103; P.A. 24-76; P.A. 25-101; P.A. 25-166; P.A. 26-8,"Subsection (f), the producer twenty-mile rule, was REPEALED by P.A. 25-101 s.16 effective 1 January 2026.",SOURCE_0010
STAT_21A_420N,21a-420n,"420h (adult-use, RERACA)",agency duties and rulemaking; enforcement and penalties; licensing; medical patients and caregivers; ownership and control; testing and laboratories,2,2025-06-30,2026-10-01,P.A. 25-166; P.A. 26-8,,SOURCE_0010
STAT_21A_420O,21a-420o,"420h (adult-use, RERACA)",advertising and packaging; agency duties and rulemaking; enforcement and penalties; hemp and infused beverages; licensing; municipal authority; ownership and control; social equity; testing and laboratories,13,2022-05-24,2026-05-20,P.A. 22-103; P.A. 24-76; P.A. 25-166; P.A. 25-168; P.A. 26-8,,SOURCE_0010
STAT_21A_420P,21a-420p,"420h (adult-use, RERACA)",advertising and packaging; agency duties and rulemaking; enforcement and penalties; licensing; medical patients and caregivers; ownership and control; testing and laboratories,5,2024-07-01,2026-10-01,P.A. 24-76; P.A. 25-101; P.A. 25-166; P.A. 26-8,,SOURCE_0010
STAT_21A_420Q,21a-420q,"420h (adult-use, RERACA)",advertising and packaging; agency duties and rulemaking; enforcement and penalties; licensing; medical patients and caregivers; ownership and control; testing and laboratories,6,2024-07-01,2026-07-01,P.A. 24-76; P.A. 25-166; P.A. 25-168; P.A. 26-8,,SOURCE_0010
STAT_21A_420R,21a-420r,"420h (adult-use, RERACA)",advertising and packaging; agency duties and rulemaking; data and reporting; enforcement and penalties; hemp and infused beverages; licensing; medical patients and caregivers; testing and laboratories; uncategorized,5,2024-07-01,2026-10-01,P.A. 24-76; P.A. 25-101; P.A. 25-166; P.A. 26-8,,SOURCE_0010
STAT_21A_420S,21a-420s,"420h (adult-use, RERACA)",advertising and packaging; data and reporting; enforcement and penalties; hemp and infused beverages; licensing; medical patients and caregivers; testing and laboratories,5,2025-06-24,2026-10-01,P.A. 25-101; P.A. 25-166; P.A. 26-8,,SOURCE_0010
STAT_21A_420T,21a-420t,"420h (adult-use, RERACA)",advertising and packaging; data and reporting; enforcement and penalties; licensing; medical patients and caregivers; ownership and control; testing and laboratories,8,2025-06-24,2026-10-01,P.A. 25-101; P.A. 25-166; P.A. 26-100; P.A. 26-8,,SOURCE_0010
STAT_21A_420U,21a-420u,"420h (adult-use, RERACA)",licensing; municipal authority; ownership and control; social equity,7,2022-05-24,2026-10-01,P.A. 22-103; P.A. 24-76; P.A. 25-101; P.A. 25-166; P.A. 26-8,"Subsection (f), the hybrid-retailer twenty-mile rule, was REPEALED by P.A. 25-101 s.17 effective 1 January 2026. The rest of the section stands.",SOURCE_0010
STAT_21A_420W,21a-420w,"420h (adult-use, RERACA)",testing and laboratories,1,2024-07-01,2024-07-01,P.A. 24-76,,SOURCE_0010
STAT_21A_420X,21a-420x,"420h (adult-use, RERACA)",testing and laboratories,1,2024-07-01,2024-07-01,P.A. 24-76,,SOURCE_0010
STAT_21A_420Y,21a-420y,"420h (adult-use, RERACA)",advertising and packaging; agency duties and rulemaking; licensing; testing and laboratories,1,2024-07-01,2024-07-01,P.A. 24-76,,SOURCE_0010
STAT_21A_420Z,21a-420z,"420h (adult-use, RERACA)",advertising and packaging; agency duties and rulemaking; data and reporting; enforcement and penalties; home grow and possession; licensing; medical patients and caregivers; municipal authority; ownership and control; testing and laboratories,7,2024-07-01,2026-10-01,P.A. 24-76; P.A. 25-166; P.A. 25-168; P.A. 26-8,,SOURCE_0010
STAT_21A_421A,21a-421a,"420h (adult-use, RERACA)",agency duties and rulemaking; enforcement and penalties; licensing; ownership and control; testing and laboratories,1,2025-07-01,2025-07-01,P.A. 25-101,,SOURCE_0010
STAT_21A_421AA,21a-421aa,"420h (adult-use, RERACA)",advertising and packaging; enforcement and penalties; hemp and infused beverages; home grow and possession; licensing; medical patients and caregivers; ownership and control; social equity; testing and laboratories; uncategorized,6,2022-05-24,2026-10-01,P.A. 22-103; P.A. 24-76; P.A. 25-101; P.A. 25-166; P.A. 26-8,,SOURCE_0010
STAT_21A_421B,21a-421b,"420h (adult-use, RERACA)",agency duties and rulemaking; enforcement and penalties; social equity; taxation and revenue,1,2025-07-01,2025-07-01,P.A. 25-168,,SOURCE_0010
STAT_21A_421BB,21a-421bb,"420h (adult-use, RERACA)",advertising and packaging; enforcement and penalties; licensing; medical patients and caregivers,4,2022-05-24,2026-10-01,P.A. 22-103; P.A. 24-76; P.A. 25-166; P.A. 26-8,,SOURCE_0010
STAT_21A_421D,21a-421d,"420h (adult-use, RERACA)",advertising and packaging; enforcement and penalties; licensing; medical patients and caregivers; municipal authority; social equity,2,2025-07-01,2026-10-01,P.A. 25-101; P.A. 26-8,,SOURCE_0010
STAT_21A_421E,21a-421e,"420h (adult-use, RERACA)",enforcement and penalties; ownership and control,1,2024-07-01,2024-07-01,P.A. 24-76,,SOURCE_0010
STAT_21A_421FF,21a-421ff,"420h (adult-use, RERACA)",advertising and packaging; enforcement and penalties; hemp and infused beverages; home grow and possession; licensing; medical patients and caregivers; ownership and control; social equity; testing and laboratories; uncategorized,5,2022-05-24,2026-10-01,P.A. 22-103; P.A. 24-76; P.A. 25-101; P.A. 25-166; P.A. 26-8,,SOURCE_0010
STAT_21A_421J,21a-421j,"420h (adult-use, RERACA)",advertising and packaging; agency duties and rulemaking; enforcement and penalties; hemp and infused beverages; licensing; testing and laboratories,9,2024-07-01,2026-10-01,P.A. 24-76; P.A. 25-166; P.A. 25-168; P.A. 26-100; P.A. 26-8,,SOURCE_0010
STAT_21A_421K,21a-421k,"420h (adult-use, RERACA)",agency duties and rulemaking,3,2025-06-30,2026-07-01,P.A. 25-166; P.A. 25-168; P.A. 26-8,,SOURCE_0010
STAT_21A_421L,21a-421l,"420h (adult-use, RERACA)",advertising and packaging; agency duties and rulemaking; licensing; ownership and control,2,2024-07-01,2025-10-01,P.A. 24-76; P.A. 25-166,,SOURCE_0010
STAT_21A_421N,21a-421n,"420h (adult-use, RERACA)",advertising and packaging; agency duties and rulemaking; data and reporting; enforcement and penalties; licensing; medical patients and caregivers; municipal authority; social equity,3,2025-07-01,2026-10-01,P.A. 25-101; P.A. 26-8,,SOURCE_0010
STAT_21A_421O,21a-421o,"420h (adult-use, RERACA)",enforcement and penalties; licensing; medical patients and caregivers; social equity,1,2026-10-01,2026-10-01,P.A. 26-8,,SOURCE_0010
STAT_21A_421P,21a-421p,"420h (adult-use, RERACA)",enforcement and penalties; licensing,1,2025-06-30,2025-06-30,P.A. 25-166,,SOURCE_0010
STAT_21A_421Q,21a-421q,"420h (adult-use, RERACA)",enforcement and penalties; licensing; medical patients and caregivers; testing and laboratories,1,2026-10-01,2026-10-01,P.A. 26-8,,SOURCE_0010
STAT_21A_421R,21a-421r,"420h (adult-use, RERACA)",advertising and packaging; enforcement and penalties; hemp and infused beverages; home grow and possession; licensing; medical patients and caregivers; ownership and control; social equity; testing and laboratories; uncategorized,5,2022-05-24,2026-10-01,P.A. 22-103; P.A. 24-76; P.A. 25-101; P.A. 25-166; P.A. 26-8,,SOURCE_0010
STAT_21A_421S,21a-421s,"420h (adult-use, RERACA)",advertising and packaging; enforcement and penalties; hemp and infused beverages; licensing; ownership and control; taxation and revenue,1,2026-10-01,2026-10-01,P.A. 26-8,,SOURCE_0010
STAT_21A_422,21a-422,"420h (adult-use, RERACA)",advertising and packaging; enforcement and penalties; hemp and infused beverages; home grow and possession; licensing; medical patients and caregivers; ownership and control; social equity; testing and laboratories; uncategorized,5,2022-05-24,2026-10-01,P.A. 22-103; P.A. 24-76; P.A. 25-101; P.A. 25-166; P.A. 26-8,,SOURCE_0010
STAT_21A_422C,21a-422c,"420h (adult-use, RERACA)",advertising and packaging; enforcement and penalties; hemp and infused beverages; home grow and possession; licensing; medical patients and caregivers; ownership and control; social equity; testing and laboratories; uncategorized,5,2022-05-24,2026-10-01,P.A. 22-103; P.A. 24-76; P.A. 25-101; P.A. 25-166; P.A. 26-8,,SOURCE_0010
STAT_21A_422E,21a-422e,"420h (adult-use, RERACA)",advertising and packaging; enforcement and penalties; hemp and infused beverages; home grow and possession; licensing; medical patients and caregivers; ownership and control; social equity; testing and laboratories; uncategorized,5,2022-05-24,2026-10-01,P.A. 22-103; P.A. 24-76; P.A. 25-101; P.A. 25-166; P.A. 26-8,,SOURCE_0010
STAT_21A_422F,21a-422f,"420h (adult-use, RERACA)",enforcement and penalties; licensing; municipal authority,2,2022-05-24,2025-07-01,P.A. 22-103; P.A. 25-166,,SOURCE_0010
STAT_21A_422G,21a-422g,"420h (adult-use, RERACA)",advertising and packaging; enforcement and penalties; hemp and infused beverages; home grow and possession; licensing; medical patients and caregivers; municipal authority; ownership and control; social equity; testing and laboratories; uncategorized,5,2022-05-24,2026-10-01,P.A. 22-103; P.A. 24-76; P.A. 25-166; P.A. 26-8,,SOURCE_0010
STAT_21A_422J,21a-422j,"420h (adult-use, RERACA)",advertising and packaging; enforcement and penalties; hemp and infused beverages; home grow and possession; licensing; medical patients and caregivers; ownership and control; social equity; testing and laboratories; uncategorized,5,2022-05-24,2026-10-01,P.A. 22-103; P.A. 24-76; P.A. 25-101; P.A. 25-166; P.A. 26-8,,SOURCE_0010
STAT_21A_422K,21a-422k,"420h (adult-use, RERACA)",enforcement and penalties; licensing; medical patients and caregivers; ownership and control; social equity,2,2026-10-01,2026-10-01,P.A. 26-8,,SOURCE_0010
STAT_21A_422L,21a-422l,"420h (adult-use, RERACA)",home grow and possession,1,2026-10-01,2026-10-01,P.A. 26-8,,SOURCE_0010
STAT_21A_422M,21a-422m,"420h (adult-use, RERACA)",uncategorized,1,2026-10-01,2026-10-01,P.A. 26-8,,SOURCE_0010
STAT_21A_422S,21a-422s,"420h (adult-use, RERACA)",advertising and packaging; enforcement and penalties; hemp and infused beverages; home grow and possession; licensing; medical patients and caregivers; ownership and control; social equity; testing and laboratories; uncategorized,5,2022-05-24,2026-10-01,P.A. 22-103; P.A. 24-76; P.A. 25-101; P.A. 25-166; P.A. 26-8,,SOURCE_0010
STAT_21A_422U,21a-422u,"420h (adult-use, RERACA)",advertising and packaging; enforcement and penalties; hemp and infused beverages; licensing; ownership and control; testing and laboratories,1,2026-10-01,2026-10-01,P.A. 26-8,,SOURCE_0010
STAT_21A_425,21a-425,"420h (adult-use, RERACA)",advertising and packaging; agency duties and rulemaking; enforcement and penalties; hemp and infused beverages; home grow and possession; licensing; municipal authority; ownership and control; taxation and revenue; testing and laboratories,8,2025-07-01,2026-10-01,P.A. 25-166; P.A. 26-8,,SOURCE_0010
STAT_21A_425A,21a-425a,"420h (adult-use, RERACA)",advertising and packaging; agency duties and rulemaking; enforcement and penalties; hemp and infused beverages; licensing; municipal authority; testing and laboratories,6,2025-10-01,2026-10-01,P.A. 25-166; P.A. 26-100; P.A. 26-8,,SOURCE_0010
STAT_21A_425B,21a-425b,"420h (adult-use, RERACA)",advertising and packaging; agency duties and rulemaking; enforcement and penalties; hemp and infused beverages; licensing; testing and laboratories,3,2025-10-01,2026-10-01,P.A. 25-166; P.A. 26-8,,SOURCE_0010
STAT_21A_425C,21a-425c,"420h (adult-use, RERACA)",uncategorized,1,2026-10-01,2026-10-01,P.A. 26-8,,SOURCE_0010
STAT_21A_425D,21a-425d,"420h (adult-use, RERACA)",uncategorized,1,2026-10-01,2026-10-01,P.A. 26-8,,SOURCE_0010
STAT_21A_425E,21a-425e,"420h (adult-use, RERACA)",advertising and packaging; agency duties and rulemaking; enforcement and penalties; hemp and infused beverages; licensing; ownership and control; taxation and revenue; testing and laboratories,2,2026-10-01,2026-10-01,P.A. 26-8,,SOURCE_0010
STAT_21A_425F,21a-425f,"420h (adult-use, RERACA)",advertising and packaging; agency duties and rulemaking; enforcement and penalties; hemp and infused beverages; licensing; testing and laboratories,2,2026-10-01,2026-10-01,P.A. 26-8,,SOURCE_0010
STAT_21A_426,21a-426,"420h (adult-use, RERACA)",advertising and packaging; enforcement and penalties; hemp and infused beverages; home grow and possession; licensing; municipal authority; ownership and control; taxation and revenue,5,2025-07-01,2026-10-01,P.A. 25-101; P.A. 25-166; P.A. 26-8,,SOURCE_0010
STAT_21A_430,21a-430,"420h (adult-use, RERACA)",uncategorized,1,2026-07-01,2026-07-01,P.A. 26-100,,SOURCE_0010
STAT_22_61L,22-61l,other,advertising and packaging; enforcement and penalties; hemp and infused beverages; home grow and possession; licensing; municipal authority; ownership and control; taxation and revenue; testing and laboratories,10,2021-07-01,2026-06-02,June Sp. Sess. P.A. 21-1; P.A. 24-76; P.A. 25-101; P.A. 25-166; P.A. 26-100; P.A. 26-8,,SOURCE_0010
STAT_22_61M,22-61m,other,advertising and packaging; agency duties and rulemaking; enforcement and penalties; hemp and infused beverages; home grow and possession; licensing; municipal authority; ownership and control; testing and laboratories,8,2024-07-01,2026-10-01,P.A. 24-76; P.A. 25-101; P.A. 25-166; P.A. 26-100; P.A. 26-8,,SOURCE_0010
STAT_22_61N,22-61n,other,advertising and packaging; agency duties and rulemaking; enforcement and penalties; hemp and infused beverages; home grow and possession; licensing; medical patients and caregivers; municipal authority; ownership and control; social equity; testing and laboratories; uncategorized,10,2022-05-24,2026-10-01,P.A. 22-103; P.A. 24-76; P.A. 25-101; P.A. 25-166; P.A. 26-100; P.A. 26-8,,SOURCE_0010
STAT_7_294KK,7-294kk,other,advertising and packaging; enforcement and penalties; hemp and infused beverages; home grow and possession; licensing; medical patients and caregivers; ownership and control; social equity; testing and laboratories; uncategorized,5,2022-05-24,2026-10-01,P.A. 22-103; P.A. 24-76; P.A. 25-101; P.A. 25-166; P.A. 26-8,,SOURCE_0010
STAT_7_294LL,7-294ll,other,advertising and packaging; enforcement and penalties; hemp and infused beverages; home grow and possession; licensing; medical patients and caregivers; ownership and control; social equity; testing and laboratories; uncategorized,5,2022-05-24,2026-10-01,P.A. 22-103; P.A. 24-76; P.A. 25-101; P.A. 25-166; P.A. 26-8,,SOURCE_0010
