vote_id,bill_id,bill_number,session_year,chamber,roll_call,purpose,label,source_id,note
VOTE_2021_SB1201_479,BILL_2021_SB1201,SB1201,2021,Senate,479,,Senate Roll Call Vote 479,SOURCE_0018,Member-by-member sheets held for the 2026 session; earlier sessions are recorded at roll-call level here.
VOTE_2021_SB1201_413,BILL_2021_SB1201,SB1201,2021,House,413,AS AMENDED,House Roll Call Vote 413 AS AMENDED,SOURCE_0018,Member-by-member sheets held for the 2026 session; earlier sessions are recorded at roll-call level here.
VOTE_2021_SB1201_412,BILL_2021_SB1201,SB1201,2021,House,412,EMERGENCY CERTIFICATION HOUSE AMD D,House Roll Call Vote 412 EMERGENCY CERTIFICATION HOUSE AMD D,SOURCE_0018,Member-by-member sheets held for the 2026 session; earlier sessions are recorded at roll-call level here.
VOTE_2021_SB1201_411,BILL_2021_SB1201,SB1201,2021,House,411,EMERGENCY CERTIFICATION HOUSE AMD C,House Roll Call Vote 411 EMERGENCY CERTIFICATION HOUSE AMD C,SOURCE_0018,Member-by-member sheets held for the 2026 session; earlier sessions are recorded at roll-call level here.
VOTE_2021_SB1201_410,BILL_2021_SB1201,SB1201,2021,House,410,EMERGENCY CERTIFICATION HOUSE AMD B,House Roll Call Vote 410 EMERGENCY CERTIFICATION HOUSE AMD B,SOURCE_0018,Member-by-member sheets held for the 2026 session; earlier sessions are recorded at roll-call level here.
VOTE_2021_SB1201_409,BILL_2021_SB1201,SB1201,2021,House,409,EMERGENCY CERTIFICATION HOUSE AMD A,House Roll Call Vote 409 EMERGENCY CERTIFICATION HOUSE AMD A,SOURCE_0018,Member-by-member sheets held for the 2026 session; earlier sessions are recorded at roll-call level here.
VOTE_2021_SB1201_408,BILL_2021_SB1201,SB1201,2021,House,408,EMERGENCY CERTIFICATION SENATE AMD A,House Roll Call Vote 408 EMERGENCY CERTIFICATION SENATE AMD A,SOURCE_0018,Member-by-member sheets held for the 2026 session; earlier sessions are recorded at roll-call level here.
VOTE_2021_SB1201_476,BILL_2021_SB1201,SB1201,2021,Senate,476,,Senate Roll Call Vote 476,SOURCE_0018,Member-by-member sheets held for the 2026 session; earlier sessions are recorded at roll-call level here.
VOTE_2021_SB1201_475,BILL_2021_SB1201,SB1201,2021,Senate,475,,Senate Roll Call Vote 475,SOURCE_0018,Member-by-member sheets held for the 2026 session; earlier sessions are recorded at roll-call level here.
VOTE_2022_HB5329_346,BILL_2022_HB5329,HB5329,2022,Senate,346,,Senate Roll Call Vote 346,SOURCE_0018,Member-by-member sheets held for the 2026 session; earlier sessions are recorded at roll-call level here.
VOTE_2022_HB5329_94,BILL_2022_HB5329,HB5329,2022,House,94,AS AMENDED,House Roll Call Vote 94 AS AMENDED,SOURCE_0018,Member-by-member sheets held for the 2026 session; earlier sessions are recorded at roll-call level here.
VOTE_2023_HB6699_387,BILL_2023_HB6699,HB6699,2023,Senate,387,,Senate Roll Call Vote 387,SOURCE_0018,Member-by-member sheets held for the 2026 session; earlier sessions are recorded at roll-call level here.
VOTE_2023_HB6699_386,BILL_2023_HB6699,HB6699,2023,Senate,386,,Senate Roll Call Vote 386,SOURCE_0018,Member-by-member sheets held for the 2026 session; earlier sessions are recorded at roll-call level here.
VOTE_2023_HB6699_75,BILL_2023_HB6699,HB6699,2023,House,75,AS AMENDED,House Roll Call Vote 75 AS AMENDED,SOURCE_0018,Member-by-member sheets held for the 2026 session; earlier sessions are recorded at roll-call level here.
VOTE_2023_HB6699_74,BILL_2023_HB6699,HB6699,2023,House,74,HOUSE AMD B,House Roll Call Vote 74 HOUSE AMD B,SOURCE_0018,Member-by-member sheets held for the 2026 session; earlier sessions are recorded at roll-call level here.
VOTE_2024_HB5150_273,BILL_2024_HB5150,HB5150,2024,Senate,273,,Senate Roll Call Vote 273,SOURCE_0018,Member-by-member sheets held for the 2026 session; earlier sessions are recorded at roll-call level here.
VOTE_2024_HB5150_99,BILL_2024_HB5150,HB5150,2024,House,99,AS AMENDED,House Roll Call Vote 99 AS AMENDED,SOURCE_0018,Member-by-member sheets held for the 2026 session; earlier sessions are recorded at roll-call level here.
VOTE_2025_HB6855_366,BILL_2025_HB6855,HB6855,2025,Senate,366,,Senate Roll Call Vote 366,SOURCE_0018,Member-by-member sheets held for the 2026 session; earlier sessions are recorded at roll-call level here.
VOTE_2025_HB6855_280,BILL_2025_HB6855,HB6855,2025,House,280,AS AMENDED,House Roll Call Vote 280 AS AMENDED,SOURCE_0018,Member-by-member sheets held for the 2026 session; earlier sessions are recorded at roll-call level here.
VOTE_2025_HB7181_395,BILL_2025_HB7181,HB7181,2025,Senate,395,,Senate Roll Call Vote 395,SOURCE_0018,Member-by-member sheets held for the 2026 session; earlier sessions are recorded at roll-call level here.
VOTE_2025_HB7181_295,BILL_2025_HB7181,HB7181,2025,House,295,AS AMENDED,House Roll Call Vote 295 AS AMENDED,SOURCE_0018,Member-by-member sheets held for the 2026 session; earlier sessions are recorded at roll-call level here.
VOTE_2025_HB7287_360,BILL_2025_HB7287,HB7287,2025,Senate,360,,Senate Roll Call Vote 360,SOURCE_0018,Member-by-member sheets held for the 2026 session; earlier sessions are recorded at roll-call level here.
VOTE_2025_HB7287_359,BILL_2025_HB7287,HB7287,2025,Senate,359,,Senate Roll Call Vote 359,SOURCE_0018,Member-by-member sheets held for the 2026 session; earlier sessions are recorded at roll-call level here.
VOTE_2025_HB7287_358,BILL_2025_HB7287,HB7287,2025,Senate,358,,Senate Roll Call Vote 358,SOURCE_0018,Member-by-member sheets held for the 2026 session; earlier sessions are recorded at roll-call level here.
VOTE_2025_HB7287_357,BILL_2025_HB7287,HB7287,2025,Senate,357,,Senate Roll Call Vote 357,SOURCE_0018,Member-by-member sheets held for the 2026 session; earlier sessions are recorded at roll-call level here.
VOTE_2025_HB7287_356,BILL_2025_HB7287,HB7287,2025,Senate,356,,Senate Roll Call Vote 356,SOURCE_0018,Member-by-member sheets held for the 2026 session; earlier sessions are recorded at roll-call level here.
VOTE_2025_HB7287_355,BILL_2025_HB7287,HB7287,2025,Senate,355,,Senate Roll Call Vote 355,SOURCE_0018,Member-by-member sheets held for the 2026 session; earlier sessions are recorded at roll-call level here.
VOTE_2025_HB7287_354,BILL_2025_HB7287,HB7287,2025,Senate,354,,Senate Roll Call Vote 354,SOURCE_0018,Member-by-member sheets held for the 2026 session; earlier sessions are recorded at roll-call level here.
VOTE_2025_HB7287_290,BILL_2025_HB7287,HB7287,2025,House,290,AS AMENDED,House Roll Call Vote 290 AS AMENDED,SOURCE_0018,Member-by-member sheets held for the 2026 session; earlier sessions are recorded at roll-call level here.
VOTE_2025_HB7287_289,BILL_2025_HB7287,HB7287,2025,House,289,EMERGENCY CERTIFICATION HOUSE AMD F,House Roll Call Vote 289 EMERGENCY CERTIFICATION HOUSE AMD F,SOURCE_0018,Member-by-member sheets held for the 2026 session; earlier sessions are recorded at roll-call level here.
VOTE_2025_HB7287_288,BILL_2025_HB7287,HB7287,2025,House,288,EMERGENCY CERTIFICATION HOUSE AMD E,House Roll Call Vote 288 EMERGENCY CERTIFICATION HOUSE AMD E,SOURCE_0018,Member-by-member sheets held for the 2026 session; earlier sessions are recorded at roll-call level here.
VOTE_2025_HB7287_287,BILL_2025_HB7287,HB7287,2025,House,287,EMERGENCY CERTIFICATION HOUSE AMD D,House Roll Call Vote 287 EMERGENCY CERTIFICATION HOUSE AMD D,SOURCE_0018,Member-by-member sheets held for the 2026 session; earlier sessions are recorded at roll-call level here.
VOTE_2025_HB7287_286,BILL_2025_HB7287,HB7287,2025,House,286,EMERGENCY CERTIFICATION HOUSE AMD C,House Roll Call Vote 286 EMERGENCY CERTIFICATION HOUSE AMD C,SOURCE_0018,Member-by-member sheets held for the 2026 session; earlier sessions are recorded at roll-call level here.
VOTE_2025_HB7287_285,BILL_2025_HB7287,HB7287,2025,House,285,EMERGENCY CERTIFICATION HOUSE AMD B,House Roll Call Vote 285 EMERGENCY CERTIFICATION HOUSE AMD B,SOURCE_0018,Member-by-member sheets held for the 2026 session; earlier sessions are recorded at roll-call level here.
VOTE_2025_HB7287_284,BILL_2025_HB7287,HB7287,2025,House,284,EMERGENCY CERTIFICATION HOUSE AMD A,House Roll Call Vote 284 EMERGENCY CERTIFICATION HOUSE AMD A,SOURCE_0018,Member-by-member sheets held for the 2026 session; earlier sessions are recorded at roll-call level here.
VOTE_2026_HB5350_221,BILL_2026_HB5350,HB5350,2026,Senate,221,,Senate Roll Call Vote 221,SOURCE_0018,Member-by-member sheets held for the 2026 session; earlier sessions are recorded at roll-call level here.
VOTE_2026_HB5350_220,BILL_2026_HB5350,HB5350,2026,Senate,220,,Senate Roll Call Vote 220,SOURCE_0018,Member-by-member sheets held for the 2026 session; earlier sessions are recorded at roll-call level here.
VOTE_2026_HB5350_219,BILL_2026_HB5350,HB5350,2026,Senate,219,,Senate Roll Call Vote 219,SOURCE_0018,Member-by-member sheets held for the 2026 session; earlier sessions are recorded at roll-call level here.
VOTE_2026_HB5350_218,BILL_2026_HB5350,HB5350,2026,Senate,218,,Senate Roll Call Vote 218,SOURCE_0018,Member-by-member sheets held for the 2026 session; earlier sessions are recorded at roll-call level here.
VOTE_2026_HB5350_77,BILL_2026_HB5350,HB5350,2026,House,77,AS AMENDED,House Roll Call Vote 77 AS AMENDED,SOURCE_0018,Member-by-member sheets held for the 2026 session; earlier sessions are recorded at roll-call level here.
VOTE_2026_HB5350_76,BILL_2026_HB5350,HB5350,2026,House,76,HOUSE AMD E,House Roll Call Vote 76 HOUSE AMD E,SOURCE_0018,Member-by-member sheets held for the 2026 session; earlier sessions are recorded at roll-call level here.
VOTE_2026_HB5350_75,BILL_2026_HB5350,HB5350,2026,House,75,HOUSE AMD C,House Roll Call Vote 75 HOUSE AMD C,SOURCE_0018,Member-by-member sheets held for the 2026 session; earlier sessions are recorded at roll-call level here.
VOTE_2026_HB5350_74,BILL_2026_HB5350,HB5350,2026,House,74,HOUSE AMD B,House Roll Call Vote 74 HOUSE AMD B,SOURCE_0018,Member-by-member sheets held for the 2026 session; earlier sessions are recorded at roll-call level here.
VOTE_2026_HB5222_299,BILL_2026_HB5222,HB5222,2026,Senate,299,,Senate Roll Call Vote 299,SOURCE_0018,Member-by-member sheets held for the 2026 session; earlier sessions are recorded at roll-call level here.
VOTE_2026_HB5222_253,BILL_2026_HB5222,HB5222,2026,House,253,AS AMENDED,House Roll Call Vote 253 AS AMENDED,SOURCE_0018,Member-by-member sheets held for the 2026 session; earlier sessions are recorded at roll-call level here.
VOTE_2012_HB5389_312,BILL_2012_HB5389,HB5389,2012,Senate,312,PASS AS AMENDED BY HOUSE A,Senate Roll Call Vote 312 PASS AS AMENDED BY HOUSE A,SOURCE_0018,Member-by-member sheets held for the 2026 session; earlier sessions are recorded at roll-call level here.
VOTE_2012_HB5389_311,BILL_2012_HB5389,HB5389,2012,Senate,311,ADOPT SENATE AMD G LCO 5048,Senate Roll Call Vote 311 ADOPT SENATE AMD G LCO 5048,SOURCE_0018,Member-by-member sheets held for the 2026 session; earlier sessions are recorded at roll-call level here.
VOTE_2012_HB5389_310,BILL_2012_HB5389,HB5389,2012,Senate,310,ADOPT SENATE AMD F LCO 4815,Senate Roll Call Vote 310 ADOPT SENATE AMD F LCO 4815,SOURCE_0018,Member-by-member sheets held for the 2026 session; earlier sessions are recorded at roll-call level here.
VOTE_2012_HB5389_309,BILL_2012_HB5389,HB5389,2012,Senate,309,ADOPT SENATE AMD B LCO 4184,Senate Roll Call Vote 309 ADOPT SENATE AMD B LCO 4184,SOURCE_0018,Member-by-member sheets held for the 2026 session; earlier sessions are recorded at roll-call level here.
VOTE_2012_HB5389_308,BILL_2012_HB5389,HB5389,2012,Senate,308,ADOPT SENATE AMD A LCO 4520,Senate Roll Call Vote 308 ADOPT SENATE AMD A LCO 4520,SOURCE_0018,Member-by-member sheets held for the 2026 session; earlier sessions are recorded at roll-call level here.
VOTE_2012_HB5389_132,BILL_2012_HB5389,HB5389,2012,House,132,AS AMENDED,House Roll Call Vote 132 AS AMENDED,SOURCE_0018,Member-by-member sheets held for the 2026 session; earlier sessions are recorded at roll-call level here.
VOTE_2012_HB5389_131,BILL_2012_HB5389,HB5389,2012,House,131,LCO # 3972,House Roll Call Vote 131 LCO # 3972,SOURCE_0018,Member-by-member sheets held for the 2026 session; earlier sessions are recorded at roll-call level here.
VOTE_2012_HB5389_130,BILL_2012_HB5389,HB5389,2012,House,130,LCO # 3426,House Roll Call Vote 130 LCO # 3426,SOURCE_0018,Member-by-member sheets held for the 2026 session; earlier sessions are recorded at roll-call level here.
VOTE_2012_HB5389_129,BILL_2012_HB5389,HB5389,2012,House,129,LCO # 3891,House Roll Call Vote 129 LCO # 3891,SOURCE_0018,Member-by-member sheets held for the 2026 session; earlier sessions are recorded at roll-call level here.
VOTE_2016_HB5450_262,BILL_2016_HB5450,HB5450,2016,Senate,262,PASS,Senate Roll Call Vote 262 PASS,SOURCE_0018,Member-by-member sheets held for the 2026 session; earlier sessions are recorded at roll-call level here.
VOTE_2016_HB5450_261,BILL_2016_HB5450,HB5450,2016,Senate,261,ADOPT SENATE AMD I LCO 5463,Senate Roll Call Vote 261 ADOPT SENATE AMD I LCO 5463,SOURCE_0018,Member-by-member sheets held for the 2026 session; earlier sessions are recorded at roll-call level here.
VOTE_2016_HB5450_260,BILL_2016_HB5450,HB5450,2016,Senate,260,ADOPT SENATE AMD H LCO 5551,Senate Roll Call Vote 260 ADOPT SENATE AMD H LCO 5551,SOURCE_0018,Member-by-member sheets held for the 2026 session; earlier sessions are recorded at roll-call level here.
VOTE_2016_HB5450_259,BILL_2016_HB5450,HB5450,2016,Senate,259,ADOPT SENATE AMD B LCO 5500,Senate Roll Call Vote 259 ADOPT SENATE AMD B LCO 5500,SOURCE_0018,Member-by-member sheets held for the 2026 session; earlier sessions are recorded at roll-call level here.
VOTE_2016_HB5450_258,BILL_2016_HB5450,HB5450,2016,Senate,258,ADOPT SENATE AMD A LCO 5448,Senate Roll Call Vote 258 ADOPT SENATE AMD A LCO 5448,SOURCE_0018,Member-by-member sheets held for the 2026 session; earlier sessions are recorded at roll-call level here.
VOTE_2016_HB5450_84,BILL_2016_HB5450,HB5450,2016,House,84,AS AMENDED,House Roll Call Vote 84 AS AMENDED,SOURCE_0018,Member-by-member sheets held for the 2026 session; earlier sessions are recorded at roll-call level here.
VOTE_2023_SB0009_362,BILL_2023_SB0009,SB0009,2023,Senate,362,,Senate Roll Call Vote 362,SOURCE_0018,Member-by-member sheets held for the 2026 session; earlier sessions are recorded at roll-call level here.
VOTE_2023_SB0009_244,BILL_2023_SB0009,SB0009,2023,House,244,AS AMENDED,House Roll Call Vote 244 AS AMENDED,SOURCE_0018,Member-by-member sheets held for the 2026 session; earlier sessions are recorded at roll-call level here.
VOTE_2023_SB0009_262,BILL_2023_SB0009,SB0009,2023,Senate,262,,Senate Roll Call Vote 262,SOURCE_0018,Member-by-member sheets held for the 2026 session; earlier sessions are recorded at roll-call level here.
VOTE_2025_HB7178_377,BILL_2025_HB7178,HB7178,2025,House,377,AS AMENDED,House Roll Call Vote 377 AS AMENDED,SOURCE_0018,Member-by-member sheets held for the 2026 session; earlier sessions are recorded at roll-call level here.
VOTE_2024_HB5235_278,BILL_2024_HB5235,HB5235,2024,Senate,278,,Senate Roll Call Vote 278,SOURCE_0018,Member-by-member sheets held for the 2026 session; earlier sessions are recorded at roll-call level here.
VOTE_2024_HB5235_100,BILL_2024_HB5235,HB5235,2024,House,100,AS AMENDED,House Roll Call Vote 100 AS AMENDED,SOURCE_0018,Member-by-member sheets held for the 2026 session; earlier sessions are recorded at roll-call level here.
VOTE_2023_SB1058_298,BILL_2023_SB1058,SB1058,2023,House,298,AS AMENDED,House Roll Call Vote 298 AS AMENDED,SOURCE_0018,Member-by-member sheets held for the 2026 session; earlier sessions are recorded at roll-call level here.
VOTE_2023_SB1058_159,BILL_2023_SB1058,SB1058,2023,Senate,159,,Senate Roll Call Vote 159,SOURCE_0018,Member-by-member sheets held for the 2026 session; earlier sessions are recorded at roll-call level here.
VOTE_2024_HB5236_277,BILL_2024_HB5236,HB5236,2024,Senate,277,,Senate Roll Call Vote 277,SOURCE_0018,Member-by-member sheets held for the 2026 session; earlier sessions are recorded at roll-call level here.
VOTE_2024_HB5236_171,BILL_2024_HB5236,HB5236,2024,House,171,AS AMENDED,House Roll Call Vote 171 AS AMENDED,SOURCE_0018,Member-by-member sheets held for the 2026 session; earlier sessions are recorded at roll-call level here.
VOTE_2025_HB6930_400,BILL_2025_HB6930,HB6930,2025,Senate,400,,Senate Roll Call Vote 400,SOURCE_0018,Member-by-member sheets held for the 2026 session; earlier sessions are recorded at roll-call level here.
VOTE_2025_HB6930_50,BILL_2025_HB6930,HB6930,2025,House,50,AS AMENDED,House Roll Call Vote 50 AS AMENDED,SOURCE_0018,Member-by-member sheets held for the 2026 session; earlier sessions are recorded at roll-call level here.
